{
    "pbft": {
        "50m": {
            "40d": 3.879235529899597,
            "80d": 4.665219473838806,
            "120d": 6.14526400566101,
            "160d": 8.173401403427125,
            "200d": 10.647759532928466
        },
        "100m": {
            "40d": 4.072848606109619,
            "80d": 4.737204551696777,
            "120d": 6.460256290435791,
            "160d": 8.313968873023986,
            "200d": 11.237802529335022
        },
        "150m": {
            "40d": 4.263273239135742,
            "80d": 4.936825776100159,
            "120d": 6.614416837692261,
            "160d": 8.63673996925354,
            "200d": 11.286457347869874
        },
        "200m": {
            "40d": 4.493602180480957,
            "80d": 5.0565773248672485,
            "120d": 6.803901863098145,
            "160d": 8.756015300750732,
            "200d": 11.018689751625061
        },
        "250m": {
            "40d": 4.943008089065552,
            "80d": 5.450935316085816,
            "120d": 6.695331048965454,
            "160d": 8.952891302108764,
            "200d": 11.703538489341735
        },
        "299m": {
            "40d": 5.525004529953003,
            "80d": 5.823588466644287,
            "120d": 7.231527185440063,
            "160d": 9.596083998680115,
            "200d": 11.975500988960267
        }
    },
    "lla_pbft": {
        "50m": {
            "40d": 4.167874455451965,
            "80d": 4.317012739181519,
            "120d": 4.502694940567016,
            "160d": 4.9124603271484375,
            "200d": 5.515253686904908
        },
        "100m": {
            "40d": 4.267256665229797,
            "80d": 4.264027714729309,
            "120d": 4.489198613166809,
            "160d": 5.043365406990051,
            "200d": 5.693952631950379
        },
        "150m": {
            "40d": 4.445316648483276,
            "80d": 4.359366059303284,
            "120d": 4.537110185623169,
            "160d": 5.175768232345581,
            "200d": 5.69010317325592
        },
        "200m": {
            "40d": 4.673945879936218,
            "80d": 4.600173616409302,
            "120d": 4.739403438568115,
            "160d": 5.314590954780579,
            "200d": 5.891711592674255
        },
        "250m": {
            "40d": 4.906745100021363,
            "80d": 4.9052670240402225,
            "120d": 4.947257351875305,
            "160d": 5.432267498970032,
            "200d": 6.056485223770141
        },
        "299m": {
            "40d": 6.078703999519348,
            "80d": 5.736630892753601,
            "120d": 5.560524797439575,
            "160d": 5.959704065322876,
            "200d": 6.346422123908996
        }
    },
    "random_pbft": {
        "50m": {
            "40d": 4.16911678314209,
            "80d": 4.3176504373550415,
            "120d": 4.498943638801575,
            "160d": 4.925849032402039,
            "200d": 5.5649079322814945
        },
        "100m": {
            "40d": 4.264583563804626,
            "80d": 4.320220994949341,
            "120d": 4.557705593109131,
            "160d": 5.089552974700927,
            "200d": 5.706585168838501
        },
        "150m": {
            "40d": 4.541049528121948,
            "80d": 4.47761025428772,
            "120d": 4.680619883537292,
            "160d": 5.344810628890992,
            "200d": 5.923608803749085
        },
        "200m": {
            "40d": 4.875359725952149,
            "80d": 4.766925239562989,
            "120d": 4.924209761619568,
            "160d": 5.573618960380554,
            "200d": 6.168393898010254
        },
        "250m": {
            "40d": 5.305552315711975,
            "80d": 5.293385791778564,
            "120d": 5.2973329544067385,
            "160d": 5.751510453224182,
            "200d": 6.4988908767700195
        },
        "299m": {
            "40d": 6.253898429870605,
            "80d": 6.268750476837158,
            "120d": 6.01674063205719,
            "160d": 6.362915420532227,
            "200d": 6.728831648826599
        }
    }
}