{
    "pbft": {
        "50m": {
            "40d": 5.437022590637207,
            "80d": 5.532128858566284,
            "120d": 7.124712729454041,
            "160d": 8.95138418674469,
            "200d": 11.512167596817017
        },
        "100m": {
            "40d": 6.061879062652588,
            "80d": 5.933234691619873,
            "120d": 7.394975924491883,
            "160d": 9.622362613677979,
            "200d": 12.100041389465332
        },
        "150m": {
            "40d": 6.693745732307434,
            "80d": 6.773490977287293,
            "120d": 8.105061316490174,
            "160d": 10.171456480026245,
            "200d": 12.438702368736267
        },
        "200m": {
            "40d": 7.350727152824402,
            "80d": 6.955438780784607,
            "120d": 8.635060167312622,
            "160d": 10.306800532341004,
            "200d": 11.934603524208068
        },
        "250m": {
            "40d": 8.752363181114196,
            "80d": 8.804348039627076,
            "120d": 9.241780328750611,
            "160d": 11.121187305450439,
            "200d": 14.299395322799683
        },
        "299m": {
            "40d": 10.415595316886902,
            "80d": 10.597937178611755,
            "120d": 9.941706228256226,
            "160d": 13.597505331039429,
            "200d": 16.218013978004457
        }
    },
    "lla_pbft": {
        "50m": {
            "40d": 6.202660608291626,
            "80d": 6.355698919296264,
            "120d": 6.507132196426392,
            "160d": 6.714977526664734,
            "200d": 7.308526992797852
        },
        "100m": {
            "40d": 6.676649761199951,
            "80d": 6.40819525718689,
            "120d": 6.552257919311524,
            "160d": 6.9883240222930905,
            "200d": 7.783006739616394
        },
        "150m": {
            "40d": 7.242017912864685,
            "80d": 6.804745507240296,
            "120d": 6.642379093170166,
            "160d": 7.145303845405579,
            "200d": 8.318075847625732
        },
        "200m": {
            "40d": 7.601455807685852,
            "80d": 8.057187938690186,
            "120d": 7.5480619192123415,
            "160d": 7.813470101356506,
            "200d": 8.65626401901245
        },
        "250m": {
            "40d": 8.643458843231201,
            "80d": 8.064725017547607,
            "120d": 8.667664337158204,
            "160d": 8.733246517181396,
            "200d": 9.208240628242493
        },
        "299m": {
            "40d": 10.981310439109802,
            "80d": 10.63252558708191,
            "120d": 10.801562213897705,
            "160d": 11.137648773193359,
            "200d": 10.865781235694886
        }
    },
    "random_pbft": {
        "50m": {
            "40d": 6.202621245384217,
            "80d": 6.358163261413575,
            "120d": 6.503177285194397,
            "160d": 6.702489161491394,
            "200d": 7.276792049407959
        },
        "100m": {
            "40d": 6.585297155380249,
            "80d": 6.798146724700928,
            "120d": 6.804630732536316,
            "160d": 7.307859325408936,
            "200d": 8.072595119476318
        },
        "150m": {
            "40d": 7.355468678474426,
            "80d": 7.382499361038208,
            "120d": 7.36752028465271,
            "160d": 7.909992647171021,
            "200d": 8.722491145133972
        },
        "200m": {
            "40d": 8.412955164909363,
            "80d": 8.220460247993469,
            "120d": 8.440932416915894,
            "160d": 8.67396059036255,
            "200d": 9.31325342655182
        },
        "250m": {
            "40d": 9.50626516342163,
            "80d": 9.56434669494629,
            "120d": 9.588990950584412,
            "160d": 9.832635235786437,
            "200d": 10.426145911216736
        },
        "299m": {
            "40d": 12.48877294063568,
            "80d": 11.993026280403138,
            "120d": 11.308820724487305,
            "160d": 13.042681694030762,
            "200d": 12.03526213169098
        }
    }
}