{
    "pbft": {
        "50m": {
            "40d": 6.994472050666809,
            "80d": 7.089084148406982,
            "120d": 8.279983687400819,
            "160d": 10.177472043037415,
            "200d": 12.395085668563842
        },
        "100m": {
            "40d": 8.298858594894408,
            "80d": 7.560906457901001,
            "120d": 8.859915924072265,
            "160d": 10.599478101730346,
            "200d": 13.169595336914062
        },
        "150m": {
            "40d": 9.140296626091004,
            "80d": 9.188427352905274,
            "120d": 10.129086446762084,
            "160d": 11.878660655021667,
            "200d": 13.82252323627472
        },
        "200m": {
            "40d": 10.213435101509095,
            "80d": 9.500338411331176,
            "120d": 11.592875623703003,
            "160d": 12.031061506271362,
            "200d": 13.099870610237122
        },
        "250m": {
            "40d": 12.559091210365295,
            "80d": 12.588435673713684,
            "120d": 11.5561372756958,
            "160d": 13.592623829841614,
            "200d": 18.411869859695436
        },
        "299m": {
            "40d": 15.30805504322052,
            "80d": 15.58547592163086,
            "120d": 13.761937785148621,
            "160d": 15.183162593841553,
            "200d": 22.981314969062804
        }
    },
    "lla_pbft": {
        "50m": {
            "40d": 8.22491283416748,
            "80d": 8.379626154899597,
            "120d": 8.528758478164672,
            "160d": 8.72329797744751,
            "200d": 8.896101903915405
        },
        "100m": {
            "40d": 9.084317016601563,
            "80d": 8.580855774879456,
            "120d": 8.722460770606995,
            "160d": 8.87621886730194,
            "200d": 9.45087172985077
        },
        "150m": {
            "40d": 10.045133781433105,
            "80d": 9.290580081939698,
            "120d": 9.029781889915466,
            "160d": 9.20495593547821,
            "200d": 10.141961455345154
        },
        "200m": {
            "40d": 10.635236454010009,
            "80d": 11.398998665809632,
            "120d": 10.578977560997009,
            "160d": 10.584125471115112,
            "200d": 11.324554443359375
        },
        "250m": {
            "40d": 12.373821568489074,
            "80d": 11.404239463806153,
            "120d": 12.398895144462585,
            "160d": 12.488576745986938,
            "200d": 11.680474829673766
        },
        "299m": {
            "40d": 16.267604684829713,
            "80d": 15.684158778190612,
            "120d": 15.971848678588866,
            "160d": 16.50396595001221,
            "200d": 15.95218060016632
        }
    },
    "random_pbft": {
        "50m": {
            "40d": 8.223879170417785,
            "80d": 8.386466526985169,
            "120d": 8.529941391944885,
            "160d": 8.728038763999939,
            "200d": 8.9403404712677
        },
        "100m": {
            "40d": 9.033489298820495,
            "80d": 9.033847236633301,
            "120d": 9.276051878929138,
            "160d": 9.449375104904174,
            "200d": 9.919387030601502
        },
        "150m": {
            "40d": 10.203761386871339,
            "80d": 10.349137043952942,
            "120d": 10.635280203819274,
            "160d": 10.84428768157959,
            "200d": 11.068706679344178
        },
        "200m": {
            "40d": 11.814052176475524,
            "80d": 11.623349523544311,
            "120d": 11.949869990348816,
            "160d": 12.03028392791748,
            "200d": 12.299687767028809
        },
        "250m": {
            "40d": 13.460586285591125,
            "80d": 14.018997979164123,
            "120d": 13.517700672149658,
            "160d": 14.249916625022887,
            "200d": 14.348106622695923
        },
        "299m": {
            "40d": 18.763162851333618,
            "80d": 19.08314754962921,
            "120d": 17.234438514709474,
            "160d": 19.677102661132814,
            "200d": 18.626942181587218
        }
    }
}