{ 
    "pbft": {
        "50m": {
            "20d": 4.080576920509339,
            "40d": 7.164314579963684,
            "60d": 12.41186170578003,
            "80d": 20.891899967193602
        },
        "100m": {
            "20d": 4.081604361534119,
            "40d": 7.174839878082276,
            "60d": 12.42546887397766,
            "80d": 20.884137129783632
        },
        "150m": {
            "20d": 4.077168345451355,
            "40d": 7.186729049682617,
            "60d": 12.450415349006652,
            "80d": 20.847774457931518
        },
        "200m": {
            "20d": 4.085195636749267,
            "40d": 7.172788453102112,
            "60d": 12.514989924430846,
            "80d": 20.86959924697876
        },
        "250m": {
            "20d": 4.0849812746047975,
            "40d": 7.1751785516738895,
            "60d": 12.458728218078614,
            "80d": 20.867150926589964
        },
        "299m": {
            "20d": 4.079605078697204,
            "40d": 7.1859441041946415,
            "60d": 12.421832585334778,
            "80d": 20.821153736114503
        }
    },
    "lla_pbft": {
        "50m": {
            "20d": 2.41068549156189,
            "40d": 3.664581871032715,
            "60d": 6.3300354957580565,
            "80d": 10.115756011009216
        },
        "100m": {
            "20d": 2.413903284072876,
            "40d": 3.678016209602356,
            "60d": 6.286555457115173,
            "80d": 10.031436562538147
        },
        "150m": {
            "20d": 2.4831183195114135,
            "40d": 3.852522921562195,
            "60d": 6.504959225654602,
            "80d": 10.114516496658325
        },
        "200m": {
            "20d": 2.7155913591384886,
            "40d": 3.869275951385498,
            "60d": 6.514318943023682,
            "80d": 10.536817979812621
        },
        "250m": {
            "20d": 2.828706955909729,
            "40d": 4.083546924591064,
            "60d": 6.495061135292053,
            "80d": 10.259361600875854
        },
        "299m": {
            "20d": 3.2753172636032106,
            "40d": 4.1470743179321286,
            "60d": 6.702380847930908,
            "80d": 10.52856674194336
        }
    },
    "random_pbft": {
        "50m": {
            "20d": 2.4069956302642823,
            "40d": 3.6528937339782717,
            "60d": 6.271259999275207,
            "80d": 10.068488025665284
        },
        "100m": {
            "20d": 2.451298975944519,
            "40d": 3.6769597053527834,
            "60d": 6.260151982307434,
            "80d": 10.097479128837586
        },
        "150m": {
            "20d": 2.5395421504974367,
            "40d": 3.765638995170593,
            "60d": 6.367302513122558,
            "80d": 10.163744783401489
        },
        "200m": {
            "20d": 2.8770992517471314,
            "40d": 4.021144700050354,
            "60d": 6.408137154579163,
            "80d": 10.190127682685851
        },
        "250m": {
            "20d": 3.101918864250183,
            "40d": 4.154419660568237,
            "60d": 6.519261503219605,
            "80d": 10.260812902450562
        },
        "299m": {
            "20d": 4.358294105529785,
            "40d": 4.484658575057983,
            "60d": 6.789967107772827,
            "80d": 10.600002241134643
        }
    }
}