{
    "pbft": {
        "50m": {
            "40d": 3.879235529899597,
            "80d": 4.665219473838806,
            "120d": 6.14526400566101,
            "160d": 8.173401403427125,
            "200d": 10.647759532928466
        },
        "100m": {
            "40d": 4.072848606109619,
            "80d": 4.737204551696777,
            "120d": 6.460256290435791,
            "160d": 8.313968873023986,
            "200d": 11.237802529335022
        },
        "150m": {
            "40d": 4.263273239135742,
            "80d": 4.936825776100159,
            "120d": 6.614416837692261,
            "160d": 8.63673996925354,
            "200d": 11.286457347869874
        },
        "200m": {
            "40d": 4.493602180480957,
            "80d": 5.0565773248672485,
            "120d": 6.803901863098145,
            "160d": 8.756015300750732,
            "200d": 11.018689751625061
        },
        "250m": {
            "40d": 4.943008089065552,
            "80d": 5.450935316085816,
            "120d": 6.695331048965454,
            "160d": 8.952891302108764,
            "200d": 11.703538489341735
        },
        "299m": {
            "40d": 5.525004529953003,
            "80d": 5.823588466644287,
            "120d": 7.231527185440063,
            "160d": 9.596083998680115,
            "200d": 11.975500988960267
        }
    },
    "lla_pbft": {
        "50m": {
            "40d": 4.154535484313965,
            "80d": 4.310048747062683,
            "120d": 4.459787487983704,
            "160d": 4.727897143363952,
            "200d": 5.129765439033508
        },
        "100m": {
            "40d": 4.274052691459656,
            "80d": 4.262335586547851,
            "120d": 4.4391494512557985,
            "160d": 4.746417808532715,
            "200d": 5.262187504768372
        },
        "150m": {
            "40d": 4.405797529220581,
            "80d": 4.3797457933425905,
            "120d": 4.4103024244308475,
            "160d": 4.861982917785644,
            "200d": 5.334637904167176
        },
        "200m": {
            "40d": 4.662556529045105,
            "80d": 4.6528572797775265,
            "120d": 4.662283492088318,
            "160d": 4.910771608352661,
            "200d": 5.3970441818237305
        },
        "250m": {
            "40d": 4.98638277053833,
            "80d": 4.8085603475570675,
            "120d": 4.91708025932312,
            "160d": 5.0042661190032955,
            "200d": 5.476176524162293
        },
        "299m": {
            "40d": 6.075483441352844,
            "80d": 5.732989835739136,
            "120d": 5.603730988502503,
            "160d": 5.931655669212342,
            "200d": 5.9296544075012205
        }
    },
    "random_pbft": {
        "50m": {
            "40d": 4.157734537124634,
            "80d": 4.308830428123474,
            "120d": 4.456790041923523,
            "160d": 4.728800129890442,
            "200d": 5.186402583122254
        },
        "100m": {
            "40d": 4.33532943725586,
            "80d": 4.316204166412353,
            "120d": 4.428903675079345,
            "160d": 4.825138998031616,
            "200d": 5.291112780570984
        },
        "150m": {
            "40d": 4.634222888946534,
            "80d": 4.509876108169555,
            "120d": 4.573210597038269,
            "160d": 4.954342269897461,
            "200d": 5.463262414932251
        },
        "200m": {
            "40d": 5.000268959999085,
            "80d": 4.775967741012574,
            "120d": 4.849429726600647,
            "160d": 5.123578643798828,
            "200d": 5.657907962799072
        },
        "250m": {
            "40d": 5.434419775009156,
            "80d": 5.167837429046631,
            "120d": 5.272434043884277,
            "160d": 5.381518006324768,
            "200d": 5.983069252967835
        },
        "299m": {
            "40d": 6.530777549743652,
            "80d": 6.345866632461548,
            "120d": 5.974772524833679,
            "160d": 6.459341835975647,
            "200d": 6.277753806114196
        }
    }
}