{
    "pbft": {
        "50m": {
            "40d": 3.879235529899597,
            "80d": 4.665219473838806,
            "120d": 6.14526400566101,
            "160d": 8.173401403427125,
            "200d": 10.647759532928466
        },
        "100m": {
            "40d": 4.072848606109619,
            "80d": 4.737204551696777,
            "120d": 6.460256290435791,
            "160d": 8.313968873023986,
            "200d": 11.237802529335022
        },
        "150m": {
            "40d": 4.263273239135742,
            "80d": 4.936825776100159,
            "120d": 6.614416837692261,
            "160d": 8.63673996925354,
            "200d": 11.286457347869874
        },
        "200m": {
            "40d": 4.493602180480957,
            "80d": 5.0565773248672485,
            "120d": 6.803901863098145,
            "160d": 8.756015300750732,
            "200d": 11.018689751625061
        },
        "250m": {
            "40d": 4.943008089065552,
            "80d": 5.450935316085816,
            "120d": 6.695331048965454,
            "160d": 8.952891302108764,
            "200d": 11.703538489341735
        },
        "299m": {
            "40d": 5.525004529953003,
            "80d": 5.823588466644287,
            "120d": 7.231527185440063,
            "160d": 9.596083998680115,
            "200d": 11.975500988960267
        }
    },
    "lla_pbft": {
        "50m": {
            "40d": 4.177767562866211,
            "80d": 4.327533316612244,
            "120d": 4.7709952116012575,
            "160d": 5.444857501983643,
            "200d": 6.181664180755615
        },
        "100m": {
            "40d": 4.263635158538818,
            "80d": 4.30601019859314,
            "120d": 4.712097215652466,
            "160d": 5.605813312530517,
            "200d": 6.416704988479614
        },
        "150m": {
            "40d": 4.443697237968445,
            "80d": 4.399528336524964,
            "120d": 4.99688560962677,
            "160d": 5.497950911521912,
            "200d": 6.484238696098328
        },
        "200m": {
            "40d": 4.568270492553711,
            "80d": 4.715944480895996,
            "120d": 5.0247876167297365,
            "160d": 5.745769906044006,
            "200d": 6.74414222240448
        },
        "250m": {
            "40d": 4.91025230884552,
            "80d": 4.734523749351501,
            "120d": 5.273971533775329,
            "160d": 6.079508423805237,
            "200d": 7.041556167602539
        },
        "299m": {
            "40d": 5.693949198722839,
            "80d": 5.579842066764831,
            "120d": 5.676924085617065,
            "160d": 6.298427534103394,
            "200d": 7.101694631576538
        }
    },
    "random_pbft": {
        "50m": {
            "40d": 4.176264691352844,
            "80d": 4.325854706764221,
            "120d": 4.7329689264297485,
            "160d": 5.405016994476318,
            "200d": 6.18542103767395
        },
        "100m": {
            "40d": 4.283631539344787,
            "80d": 4.380969142913818,
            "120d": 4.890371108055115,
            "160d": 5.652427124977112,
            "200d": 6.488888549804687
        },
        "150m": {
            "40d": 4.513220310211182,
            "80d": 4.512659168243408,
            "120d": 5.1039446830749515,
            "160d": 5.754702615737915,
            "200d": 6.815743613243103
        },
        "200m": {
            "40d": 4.801962375640869,
            "80d": 4.806626033782959,
            "120d": 5.352931642532349,
            "160d": 6.006237006187439,
            "200d": 6.909079837799072
        },
        "250m": {
            "40d": 5.123446130752564,
            "80d": 5.26598813533783,
            "120d": 5.520310664176941,
            "160d": 6.2937575578689575,
            "200d": 7.345618438720703
        },
        "299m": {
            "40d": 6.117735457420349,
            "80d": 6.273159766197205,
            "120d": 6.093572187423706,
            "160d": 6.743947172164917,
            "200d": 7.815299797058105
        }
    }
}