{
    "pbft": {
        "50m": {
            "20d": 4.080576920509339,
            "40d": 7.164314579963684,
            "60d": 12.41186170578003,
            "80d": 20.891899967193602
        },
        "100m": {
            "20d": 4.081604361534119,
            "40d": 7.174839878082276,
            "60d": 12.42546887397766,
            "80d": 20.884137129783632
        },
        "150m": {
            "20d": 4.077168345451355,
            "40d": 7.186729049682617,
            "60d": 12.450415349006652,
            "80d": 20.847774457931518
        },
        "200m": {
            "20d": 4.085195636749267,
            "40d": 7.172788453102112,
            "60d": 12.514989924430846,
            "80d": 20.86959924697876
        },
        "250m": {
            "20d": 4.0849812746047975,
            "40d": 7.1751785516738895,
            "60d": 12.458728218078614,
            "80d": 20.867150926589964
        },
        "299m": {
            "20d": 4.079605078697204,
            "40d": 7.1859441041946415,
            "60d": 12.421832585334778,
            "80d": 20.821153736114503
        }
    },
    "lla_pbft": {
        "50m": {
            "20d": 2.3754310607910156,
            "40d": 3.060877561569214,
            "60d": 4.703087401390076,
            "80d": 7.187467312812805
        },
        "100m": {
            "20d": 2.4392643213272094,
            "40d": 3.0690202474594117,
            "60d": 4.691710782051087,
            "80d": 7.433328580856323
        },
        "150m": {
            "20d": 2.475813460350037,
            "40d": 3.256779098510742,
            "60d": 4.850143313407898,
            "80d": 7.187948822975159
        },
        "200m": {
            "20d": 2.6892602682113647,
            "40d": 3.207651448249817,
            "60d": 4.8024076461792,
            "80d": 7.262088751792907
        },
        "250m": {
            "20d": 2.8259785175323486,
            "40d": 3.380215549468994,
            "60d": 4.891201829910278,
            "80d": 7.697595596313477
        },
        "299m": {
            "20d": 3.5821160078048706,
            "40d": 3.4251405239105224,
            "60d": 5.056495809555054,
            "80d": 7.460910725593567
        }
    },
    "random_pbft": {
        "50m": {
            "20d": 2.370950198173523,
            "40d": 2.9980320930480957,
            "60d": 4.654605507850647,
            "80d": 7.135843753814697
        },
        "100m": {
            "20d": 2.492966556549072,
            "40d": 3.057039976119995,
            "60d": 4.693247270584107,
            "80d": 7.145409178733826
        },
        "150m": {
            "20d": 2.6260982513427735,
            "40d": 3.1282679080963134,
            "60d": 4.849069499969483,
            "80d": 7.214975666999817
        },
        "200m": {
            "20d": 2.9813571691513063,
            "40d": 3.391092872619629,
            "60d": 4.928670406341553,
            "80d": 7.35741651058197
        },
        "250m": {
            "20d": 3.3406538724899293,
            "40d": 3.5998942136764525,
            "60d": 5.08772292137146,
            "80d": 7.500234746932984
        },
        "299m": {
            "20d": 4.510927486419678,
            "40d": 4.092372846603394,
            "60d": 5.358772110939026,
            "80d": 7.510854721069336
        }
    }
}