{
    "pbft": {
        "50m": {
            "20d": 4.080576920509339,
            "40d": 7.164314579963684,
            "60d": 12.41186170578003,
            "80d": 20.891899967193602
        },
        "100m": {
            "20d": 4.081604361534119,
            "40d": 7.174839878082276,
            "60d": 12.42546887397766,
            "80d": 20.884137129783632
        },
        "150m": {
            "20d": 4.077168345451355,
            "40d": 7.186729049682617,
            "60d": 12.450415349006652,
            "80d": 20.847774457931518
        },
        "200m": {
            "20d": 4.085195636749267,
            "40d": 7.172788453102112,
            "60d": 12.514989924430846,
            "80d": 20.86959924697876
        },
        "250m": {
            "20d": 4.0849812746047975,
            "40d": 7.1751785516738895,
            "60d": 12.458728218078614,
            "80d": 20.867150926589964
        },
        "299m": {
            "20d": 4.079605078697204,
            "40d": 7.1859441041946415,
            "60d": 12.421832585334778,
            "80d": 20.821153736114503
        }
    },
    "lla_pbft": {
        "50m": {
            "20d": 2.3661701917648315,
            "40d": 2.744797205924988,
            "60d": 3.910898971557617,
            "80d": 5.927877902984619
        },
        "100m": {
            "20d": 2.6677271366119384,
            "40d": 2.7906524181365966,
            "60d": 3.9113515615463257,
            "80d": 5.96720769405365
        },
        "150m": {
            "20d": 2.4846967458724976,
            "40d": 2.8157389402389525,
            "60d": 4.081854438781738,
            "80d": 5.786590838432312
        },
        "200m": {
            "20d": 3.087826704978943,
            "40d": 2.88270423412323,
            "60d": 4.163429021835327,
            "80d": 5.979156064987182
        },
        "250m": {
            "20d": 3.1842039585113526,
            "40d": 3.1399147272109986,
            "60d": 4.203455376625061,
            "80d": 5.859674239158631
        },
        "299m": {
            "20d": 3.7194729089736938,
            "40d": 3.1431298732757567,
            "60d": 4.303077650070191,
            "80d": 6.319399166107178
        }
    },
    "random_pbft": {
        "50m": {
            "20d": 2.3553643941879274,
            "40d": 2.6894484996795653,
            "60d": 3.841235041618347,
            "80d": 5.648640418052674
        },
        "100m": {
            "20d": 2.5440373182296754,
            "40d": 2.8013111352920532,
            "60d": 3.943693161010742,
            "80d": 5.674118232727051
        },
        "150m": {
            "20d": 2.7087610721588136,
            "40d": 2.8747498035430907,
            "60d": 4.043701982498169,
            "80d": 5.789316415786743
        },
        "200m": {
            "20d": 3.1054025888442993,
            "40d": 3.097266173362732,
            "60d": 4.11436927318573,
            "80d": 5.821056175231933
        },
        "250m": {
            "20d": 3.5098824501037598,
            "40d": 3.393569016456604,
            "60d": 4.395343947410583,
            "80d": 6.062153768539429
        },
        "299m": {
            "20d": 4.830442142486572,
            "40d": 3.854391360282898,
            "60d": 4.7591252565383915,
            "80d": 6.115365409851075
        }
    }
}